case	x	y	flags	wall_flags	heights	allow_intersection	expected_status
ground	56	56	3	0	1	0	-1
self	40	40	3	0	1	0	-1
adjacent	72	56	3	0	1	0	-1
overlap	73	56	3	0	1	0	10
collision	88	56	3	0	1	0	10
floor_required	56	56	1	0	1	0	19
terrain_only_on_floor	56	88	2	0	1	0	18
normal_floor	56	88	3	0	1	0	-1
water_denied	88	88	3	0	1	0	28
water_allowed	88	88	4	0	1	0	-1
water_required_dry	56	56	8192	0	1	0	29
water_required	88	88	8192	0	1	0	-1
pool_denied	104	88	3	0	1	0	28
pool_allowed	104	88	2048	0	1	0	-1
pool_required_dry	56	56	4096	0	1	0	30
pool_required	104	88	4096	0	1	0	-1
pool_required_on_water	88	88	4096	0	1	0	30
water_required_on_pool	104	88	8192	0	1	0	28
height_denied	56	56	3	0	0	0	23
wall_required	56	56	3	1	1	0	5
diagonal_required	56	56	3	64	1	0	22
overlap_allowed	88	56	3	0	1	1	-1
out_left	-8	56	3	0	1	0	0
out_right	136	56	3	0	1	0	0
